INSERT INTO company_type (`id`, `type`) 
	VALUES (1, 'Technology'), 
		   (2, 'Food'), 
           (3, 'Banking');
           
INSERT INTO meeting_type (`id`, `type`) 
	VALUES (1, 'Face to Face'), 
		   (2, 'Video Conf'), 
           (3, 'Voice Conf');

INSERT INTO company (`id`, `name`, `company_type`, `username`) 
	VALUES (1, 'Tech Firm #1', 1, 'Test'), 
		   (2, 'Tech Firm #2', 1, 'Test'), 
           (3, 'Food Firm #1', 2, 'Test'),
		   (4, 'Food Firm #2', 2, 'Test'), 
		   (5, 'Bank #1', 3, 'Test'),
		   (6, 'Bank #2', 3, 'Test');
           
           

INSERT INTO contact (`id`, `first_name`, `last_name`, `email`, `company_id`, `phone`, `username`) 
	VALUES (1, 'Tom', 'Test', 'TomTest@email.com', 1, '12345678901', 'Test'), 
		   (2, 'Terry', 'Test', 'TerryTest@email.com', 2, '12345678901', 'Test'),
		   (3, 'Tiffany', 'Test', 'TifTest@email.com', 3, '12345678901', 'Test'),
		   (4, 'Melvyn', 'Madeup', 'Melv@email.com', 4, '12345678901', 'Test'),
		   (5, 'Maud', 'Mockup', 'Maud@email.com', 5, '12345678901', 'Test'),
		   (6, 'Nancy', 'Nonexistence', 'Nancy@email.com', 5, '12345678901', 'Test');


INSERT INTO meeting (`id`, `contact_id`, `company_id`, `meeting_type`, `meeting_start`, `meeting_end`, `username`, `location`) 
	VALUES 	(1, 1, 1, 1, ADDTIME(CONVERT(ADDDATE(CURDATE(),INTERVAL -60 DAY), DATETIME), STR_TO_DATE('0930','%H%i')), ADDTIME(CONVERT(ADDDATE(CURDATE(),INTERVAL -60 DAY), DATETIME), STR_TO_DATE('1030','%H%i')), 'Test', 'Test Plaza'),
            (2, 5, 5, 3, ADDTIME(CONVERT(ADDDATE(CURDATE(),INTERVAL -35 DAY), DATETIME), STR_TO_DATE('0845','%H%i')), ADDTIME(CONVERT(ADDDATE(CURDATE(),INTERVAL -35 DAY), DATETIME), STR_TO_DATE('0830','%H%i')), 'Test', 'None'),
			(3, 2, 2, 2, ADDTIME(CONVERT(ADDDATE(CURDATE(),INTERVAL -35 DAY), DATETIME), STR_TO_DATE('1015','%H%i')), ADDTIME(CONVERT(ADDDATE(CURDATE(),INTERVAL -35 DAY), DATETIME), STR_TO_DATE('1215','%H%i')), 'Test', 'None'),
			(4, 1, 1, 1, ADDTIME(CONVERT(ADDDATE(CURDATE(),INTERVAL -35 DAY), DATETIME), STR_TO_DATE('1430','%H%i')), ADDTIME(CONVERT(ADDDATE(CURDATE(),INTERVAL -35 DAY), DATETIME), STR_TO_DATE('1715','%H%i')), 'Test', 'Room 5B'),
            (5, 5, 5, 1, ADDTIME(CONVERT(ADDDATE(CURDATE(),INTERVAL -10 DAY), DATETIME), STR_TO_DATE('0830','%H%i')), ADDTIME(CONVERT(ADDDATE(CURDATE(),INTERVAL -10 DAY), DATETIME), STR_TO_DATE('1030','%H%i')), 'Test', 'Coffee Shop'),
			(6, 2, 2, 2, ADDTIME(CONVERT(ADDDATE(CURDATE(),INTERVAL -10 DAY), DATETIME), STR_TO_DATE('1200','%H%i')), ADDTIME(CONVERT(ADDDATE(CURDATE(),INTERVAL -10 DAY), DATETIME), STR_TO_DATE('1330','%H%i')), 'Test', 'None'),
			(7, 1, 1, 1, ADDTIME(CONVERT(ADDDATE(CURDATE(),INTERVAL -10 DAY), DATETIME), STR_TO_DATE('1615','%H%i')), ADDTIME(CONVERT(ADDDATE(CURDATE(),INTERVAL -10 DAY), DATETIME), STR_TO_DATE('1630','%H%i')), 'Test', 'Room 5B'),
            (10, 5, 5, 3, ADDTIME(CONVERT(ADDDATE(CURDATE(),INTERVAL -9 DAY), DATETIME), STR_TO_DATE('0900','%H%i')), ADDTIME(CONVERT(ADDDATE(CURDATE(),INTERVAL -9 DAY), DATETIME), STR_TO_DATE('1000','%H%i')), 'Test', 'None'),
			(11, 6, 5, 2, ADDTIME(CONVERT(ADDDATE(CURDATE(),INTERVAL -8 DAY), DATETIME), STR_TO_DATE('1015','%H%i')), ADDTIME(CONVERT(ADDDATE(CURDATE(),INTERVAL -8 DAY), DATETIME), STR_TO_DATE('1115','%H%i')), 'Test', 'None'),
			(12, 3, 3, 2, ADDTIME(CONVERT(ADDDATE(CURDATE(),INTERVAL -8 DAY), DATETIME), STR_TO_DATE('1515','%H%i')), ADDTIME(CONVERT(ADDDATE(CURDATE(),INTERVAL -8 DAY), DATETIME), STR_TO_DATE('1745','%H%i')), 'Test', 'None'),
            (13, 5, 5, 3, ADDTIME(CONVERT(ADDDATE(CURDATE(),INTERVAL -7 DAY), DATETIME), STR_TO_DATE('0800','%H%i')), ADDTIME(CONVERT(ADDDATE(CURDATE(),INTERVAL -7 DAY), DATETIME), STR_TO_DATE('0900','%H%i')), 'Test', 'None'),
			(14, 2, 2, 2, ADDTIME(CONVERT(ADDDATE(CURDATE(),INTERVAL -7 DAY), DATETIME), STR_TO_DATE('0930','%H%i')), ADDTIME(CONVERT(ADDDATE(CURDATE(),INTERVAL -7 DAY), DATETIME), STR_TO_DATE('1100','%H%i')), 'Test', 'None'),
			(15, 1, 1, 2, ADDTIME(CONVERT(ADDDATE(CURDATE(),INTERVAL -7 DAY), DATETIME), STR_TO_DATE('1445','%H%i')), ADDTIME(CONVERT(ADDDATE(CURDATE(),INTERVAL -7 DAY), DATETIME), STR_TO_DATE('1515','%H%i')), 'Test', 'None'),
            (16, 5, 5, 2, ADDTIME(CONVERT(ADDDATE(CURDATE(),INTERVAL -6 DAY), DATETIME), STR_TO_DATE('1230','%H%i')), ADDTIME(CONVERT(ADDDATE(CURDATE(),INTERVAL -6 DAY), DATETIME), STR_TO_DATE('1500','%H%i')), 'Test', 'None'),
			(17, 2, 2, 3, ADDTIME(CONVERT(ADDDATE(CURDATE(),INTERVAL -6 DAY), DATETIME), STR_TO_DATE('1700','%H%i')), ADDTIME(CONVERT(ADDDATE(CURDATE(),INTERVAL -6 DAY), DATETIME), STR_TO_DATE('1715','%H%i')), 'Test', 'None'),
			(18, 1, 1, 2, ADDTIME(CONVERT(ADDDATE(CURDATE(),INTERVAL -5 DAY), DATETIME), STR_TO_DATE('1445','%H%i')), ADDTIME(CONVERT(ADDDATE(CURDATE(),INTERVAL -5 DAY), DATETIME), STR_TO_DATE('1515','%H%i')), 'Test', 'None'),
			(19, 5, 5, 1, ADDTIME(CONVERT(ADDDATE(CURDATE(),INTERVAL -4 DAY), DATETIME), STR_TO_DATE('0815','%H%i')), ADDTIME(CONVERT(ADDDATE(CURDATE(),INTERVAL -4 DAY), DATETIME), STR_TO_DATE('0845','%H%i')), 'Test', 'Room 7F'),
            (20, 5, 5, 3, ADDTIME(CONVERT(ADDDATE(CURDATE(),INTERVAL -4 DAY), DATETIME), STR_TO_DATE('0900','%H%i')), ADDTIME(CONVERT(ADDDATE(CURDATE(),INTERVAL -4 DAY), DATETIME), STR_TO_DATE('1000','%H%i')), 'Test', 'None'),
			(21, 6, 5, 2, ADDTIME(CONVERT(ADDDATE(CURDATE(),INTERVAL -4 DAY), DATETIME), STR_TO_DATE('1015','%H%i')), ADDTIME(CONVERT(ADDDATE(CURDATE(),INTERVAL -4 DAY), DATETIME), STR_TO_DATE('1115','%H%i')), 'Test', 'None'),
			(22, 3, 3, 2, ADDTIME(CONVERT(ADDDATE(CURDATE(),INTERVAL -4 DAY), DATETIME), STR_TO_DATE('1515','%H%i')), ADDTIME(CONVERT(ADDDATE(CURDATE(),INTERVAL -4 DAY), DATETIME), STR_TO_DATE('1745','%H%i')), 'Test', 'None'),
            (23, 5, 5, 3, ADDTIME(CONVERT(ADDDATE(CURDATE(),INTERVAL -3 DAY), DATETIME), STR_TO_DATE('0800','%H%i')), ADDTIME(CONVERT(ADDDATE(CURDATE(),INTERVAL -3 DAY), DATETIME), STR_TO_DATE('0900','%H%i')), 'Test', 'None'),
			(24, 2, 2, 1, ADDTIME(CONVERT(ADDDATE(CURDATE(),INTERVAL -3 DAY), DATETIME), STR_TO_DATE('0930','%H%i')), ADDTIME(CONVERT(ADDDATE(CURDATE(),INTERVAL -3 DAY), DATETIME), STR_TO_DATE('1100','%H%i')), 'Test', 'Coffee Shop'),
			(25, 1, 1, 2, ADDTIME(CONVERT(ADDDATE(CURDATE(),INTERVAL -2 DAY), DATETIME), STR_TO_DATE('1045','%H%i')), ADDTIME(CONVERT(ADDDATE(CURDATE(),INTERVAL -2 DAY), DATETIME), STR_TO_DATE('1145','%H%i')), 'Test', 'None'),
            (26, 5, 5, 2, ADDTIME(CONVERT(ADDDATE(CURDATE(),INTERVAL -2 DAY), DATETIME), STR_TO_DATE('1230','%H%i')), ADDTIME(CONVERT(ADDDATE(CURDATE(),INTERVAL -2 DAY), DATETIME), STR_TO_DATE('1500','%H%i')), 'Test', 'None'),
			(27, 2, 2, 3, ADDTIME(CONVERT(ADDDATE(CURDATE(),INTERVAL -2 DAY), DATETIME), STR_TO_DATE('1700','%H%i')), ADDTIME(CONVERT(ADDDATE(CURDATE(),INTERVAL -2 DAY), DATETIME), STR_TO_DATE('1715','%H%i')), 'Test', 'None'),
			(28, 1, 1, 2, ADDTIME(CONVERT(ADDDATE(CURDATE(),INTERVAL -2 DAY), DATETIME), STR_TO_DATE('1445','%H%i')), ADDTIME(CONVERT(ADDDATE(CURDATE(),INTERVAL -2 DAY), DATETIME), STR_TO_DATE('1515','%H%i')), 'Test', 'None'),
            (29, 2, 2, 3, ADDTIME(CONVERT(ADDDATE(CURDATE(),INTERVAL -1 DAY), DATETIME), STR_TO_DATE('1400','%H%i')), ADDTIME(CONVERT(ADDDATE(CURDATE(),INTERVAL -1 DAY), DATETIME), STR_TO_DATE('1430','%H%i')), 'Test', 'None'),
			(30, 6, 5, 2, ADDTIME(CONVERT(ADDDATE(CURDATE(),INTERVAL -1 DAY), DATETIME), STR_TO_DATE('1445','%H%i')), ADDTIME(CONVERT(ADDDATE(CURDATE(),INTERVAL -1 DAY), DATETIME), STR_TO_DATE('1515','%H%i')), 'Test', 'None'),
			(31, 1, 1, 1, ADDTIME(CONVERT(ADDDATE(CURDATE(),INTERVAL 59 DAY), DATETIME), STR_TO_DATE('0930','%H%i')), ADDTIME(CONVERT(ADDDATE(CURDATE(),INTERVAL 59 DAY), DATETIME), STR_TO_DATE('1030','%H%i')), 'Test', 'Test Plaza'),
            (32, 5, 5, 3, ADDTIME(CONVERT(ADDDATE(CURDATE(),INTERVAL 35 DAY), DATETIME), STR_TO_DATE('0845','%H%i')), ADDTIME(CONVERT(ADDDATE(CURDATE(),INTERVAL 35 DAY), DATETIME), STR_TO_DATE('0830','%H%i')), 'Test', 'None'),
			(33, 2, 2, 2, ADDTIME(CONVERT(ADDDATE(CURDATE(),INTERVAL 35 DAY), DATETIME), STR_TO_DATE('1015','%H%i')), ADDTIME(CONVERT(ADDDATE(CURDATE(),INTERVAL 35 DAY), DATETIME), STR_TO_DATE('1215','%H%i')), 'Test', 'None'),
			(34, 1, 1, 1, ADDTIME(CONVERT(ADDDATE(CURDATE(),INTERVAL 35 DAY), DATETIME), STR_TO_DATE('1430','%H%i')), ADDTIME(CONVERT(ADDDATE(CURDATE(),INTERVAL 35 DAY), DATETIME), STR_TO_DATE('1715','%H%i')), 'Test', 'Room 5B'),
            (35, 5, 5, 1, ADDTIME(CONVERT(ADDDATE(CURDATE(),INTERVAL 10 DAY), DATETIME), STR_TO_DATE('0830','%H%i')), ADDTIME(CONVERT(ADDDATE(CURDATE(),INTERVAL 10 DAY), DATETIME), STR_TO_DATE('1030','%H%i')), 'Test', 'Coffee Shop'),
			(36, 2, 2, 2, ADDTIME(CONVERT(ADDDATE(CURDATE(),INTERVAL 10 DAY), DATETIME), STR_TO_DATE('1200','%H%i')), ADDTIME(CONVERT(ADDDATE(CURDATE(),INTERVAL 10 DAY), DATETIME), STR_TO_DATE('1330','%H%i')), 'Test', 'None'),
			(37, 1, 1, 1, ADDTIME(CONVERT(ADDDATE(CURDATE(),INTERVAL 10 DAY), DATETIME), STR_TO_DATE('1615','%H%i')), ADDTIME(CONVERT(ADDDATE(CURDATE(),INTERVAL 10 DAY), DATETIME), STR_TO_DATE('1630','%H%i')), 'Test', 'Room 5B'),
            (40, 5, 5, 3, ADDTIME(CONVERT(ADDDATE(CURDATE(),INTERVAL 9 DAY), DATETIME), STR_TO_DATE('0900','%H%i')), ADDTIME(CONVERT(ADDDATE(CURDATE(),INTERVAL 9 DAY), DATETIME), STR_TO_DATE('1000','%H%i')), 'Test', 'None'),
			(41, 6, 5, 2, ADDTIME(CONVERT(ADDDATE(CURDATE(),INTERVAL 8 DAY), DATETIME), STR_TO_DATE('1015','%H%i')), ADDTIME(CONVERT(ADDDATE(CURDATE(),INTERVAL 8 DAY), DATETIME), STR_TO_DATE('1115','%H%i')), 'Test', 'None'),
			(42, 3, 3, 2, ADDTIME(CONVERT(ADDDATE(CURDATE(),INTERVAL 8 DAY), DATETIME), STR_TO_DATE('1515','%H%i')), ADDTIME(CONVERT(ADDDATE(CURDATE(),INTERVAL 8 DAY), DATETIME), STR_TO_DATE('1745','%H%i')), 'Test', 'None'),
            (43, 5, 5, 3, ADDTIME(CONVERT(ADDDATE(CURDATE(),INTERVAL 7 DAY), DATETIME), STR_TO_DATE('0800','%H%i')), ADDTIME(CONVERT(ADDDATE(CURDATE(),INTERVAL 7 DAY), DATETIME), STR_TO_DATE('0900','%H%i')), 'Test', 'None'),
			(44, 2, 2, 2, ADDTIME(CONVERT(ADDDATE(CURDATE(),INTERVAL 7 DAY), DATETIME), STR_TO_DATE('0930','%H%i')), ADDTIME(CONVERT(ADDDATE(CURDATE(),INTERVAL 7 DAY), DATETIME), STR_TO_DATE('1100','%H%i')), 'Test', 'None'),
			(45, 1, 1, 2, ADDTIME(CONVERT(ADDDATE(CURDATE(),INTERVAL 7 DAY), DATETIME), STR_TO_DATE('1445','%H%i')), ADDTIME(CONVERT(ADDDATE(CURDATE(),INTERVAL 7 DAY), DATETIME), STR_TO_DATE('1515','%H%i')), 'Test', 'None'),
            (46, 5, 5, 2, ADDTIME(CONVERT(ADDDATE(CURDATE(),INTERVAL 6 DAY), DATETIME), STR_TO_DATE('1230','%H%i')), ADDTIME(CONVERT(ADDDATE(CURDATE(),INTERVAL 6 DAY), DATETIME), STR_TO_DATE('1500','%H%i')), 'Test', 'None'),
			(47, 2, 2, 3, ADDTIME(CONVERT(ADDDATE(CURDATE(),INTERVAL 6 DAY), DATETIME), STR_TO_DATE('1700','%H%i')), ADDTIME(CONVERT(ADDDATE(CURDATE(),INTERVAL 6 DAY), DATETIME), STR_TO_DATE('1715','%H%i')), 'Test', 'None'),
			(48, 1, 1, 2, ADDTIME(CONVERT(ADDDATE(CURDATE(),INTERVAL 5 DAY), DATETIME), STR_TO_DATE('1445','%H%i')), ADDTIME(CONVERT(ADDDATE(CURDATE(),INTERVAL 5 DAY), DATETIME), STR_TO_DATE('1515','%H%i')), 'Test', 'None'),
			(49, 5, 5, 1, ADDTIME(CONVERT(ADDDATE(CURDATE(),INTERVAL 1 DAY), DATETIME), STR_TO_DATE('0815','%H%i')), ADDTIME(CONVERT(ADDDATE(CURDATE(),INTERVAL 1 DAY), DATETIME), STR_TO_DATE('0845','%H%i')), 'Test', 'Room 7F'),
            (50, 5, 5, 3, ADDTIME(CONVERT(ADDDATE(CURDATE(),INTERVAL 1 DAY), DATETIME), STR_TO_DATE('0900','%H%i')), ADDTIME(CONVERT(ADDDATE(CURDATE(),INTERVAL 1 DAY), DATETIME), STR_TO_DATE('1000','%H%i')), 'Test', 'None'),
			(51, 6, 5, 2, ADDTIME(CONVERT(ADDDATE(CURDATE(),INTERVAL 1 DAY), DATETIME), STR_TO_DATE('1015','%H%i')), ADDTIME(CONVERT(ADDDATE(CURDATE(),INTERVAL 1 DAY), DATETIME), STR_TO_DATE('1115','%H%i')), 'Test', 'None'),
			(52, 3, 3, 2, ADDTIME(CONVERT(ADDDATE(CURDATE(),INTERVAL 1 DAY), DATETIME), STR_TO_DATE('1515','%H%i')), ADDTIME(CONVERT(ADDDATE(CURDATE(),INTERVAL 1 DAY), DATETIME), STR_TO_DATE('1745','%H%i')), 'Test', 'None'),
            (53, 5, 5, 3, ADDTIME(CONVERT(ADDDATE(CURDATE(),INTERVAL 3 DAY), DATETIME), STR_TO_DATE('0800','%H%i')), ADDTIME(CONVERT(ADDDATE(CURDATE(),INTERVAL 3 DAY), DATETIME), STR_TO_DATE('0900','%H%i')), 'Test', 'None'),
			(54, 2, 2, 1, ADDTIME(CONVERT(ADDDATE(CURDATE(),INTERVAL 3 DAY), DATETIME), STR_TO_DATE('0930','%H%i')), ADDTIME(CONVERT(ADDDATE(CURDATE(),INTERVAL 3 DAY), DATETIME), STR_TO_DATE('1100','%H%i')), 'Test', 'Coffee Shop'),
			(55, 1, 1, 2, ADDTIME(CONVERT(ADDDATE(CURDATE(),INTERVAL 2 DAY), DATETIME), STR_TO_DATE('1045','%H%i')), ADDTIME(CONVERT(ADDDATE(CURDATE(),INTERVAL 2 DAY), DATETIME), STR_TO_DATE('1145','%H%i')), 'Test', 'None'),
            (56, 5, 5, 2, ADDTIME(CONVERT(ADDDATE(CURDATE(),INTERVAL 2 DAY), DATETIME), STR_TO_DATE('1230','%H%i')), ADDTIME(CONVERT(ADDDATE(CURDATE(),INTERVAL 2 DAY), DATETIME), STR_TO_DATE('1500','%H%i')), 'Test', 'None'),
			(57, 2, 2, 3, ADDTIME(CONVERT(ADDDATE(CURDATE(),INTERVAL 2 DAY), DATETIME), STR_TO_DATE('1700','%H%i')), ADDTIME(CONVERT(ADDDATE(CURDATE(),INTERVAL 2 DAY), DATETIME), STR_TO_DATE('1715','%H%i')), 'Test', 'None'),
			(58, 1, 1, 2, ADDTIME(CONVERT(ADDDATE(CURDATE(),INTERVAL 2 DAY), DATETIME), STR_TO_DATE('1445','%H%i')), ADDTIME(CONVERT(ADDDATE(CURDATE(),INTERVAL 2 DAY), DATETIME), STR_TO_DATE('1515','%H%i')), 'Test', 'None'),
            (59, 2, 2, 3, ADDTIME(CONVERT(ADDDATE(CURDATE(),INTERVAL 4 DAY), DATETIME), STR_TO_DATE('1400','%H%i')), ADDTIME(CONVERT(ADDDATE(CURDATE(),INTERVAL 4 DAY), DATETIME), STR_TO_DATE('1430','%H%i')), 'Test', 'None'),
			(60, 6, 5, 2, ADDTIME(CONVERT(ADDDATE(CURDATE(),INTERVAL 4 DAY), DATETIME), STR_TO_DATE('1445','%H%i')), ADDTIME(CONVERT(ADDDATE(CURDATE(),INTERVAL 4 DAY), DATETIME), STR_TO_DATE('1515','%H%i')), 'Test', 'None'),
   			(61, 6, 5, 2, ADDTIME(CONVERT(CURDATE(), DATETIME), STR_TO_DATE('0845','%H%i')), ADDTIME(CONVERT(CURDATE(), DATETIME), STR_TO_DATE('0915','%H%i')), 'Test', 'None'),            
   			(62, 3, 3, 3, ADDTIME(CONVERT(CURDATE(), DATETIME), STR_TO_DATE('0930','%H%i')), ADDTIME(CONVERT(CURDATE(), DATETIME), STR_TO_DATE('1115','%H%i')), 'Test', 'None'),            
			(63, 6, 5, 2, ADDTIME(CONVERT(CURDATE(), DATETIME), STR_TO_DATE('1230','%H%i')), ADDTIME(CONVERT(CURDATE(), DATETIME), STR_TO_DATE('1330','%H%i')), 'Test', 'None'),            
            (64, 6, 5, 1, ADDTIME(CONVERT(CURDATE(), DATETIME), STR_TO_DATE('1530','%H%i')), ADDTIME(CONVERT(CURDATE(), DATETIME), STR_TO_DATE('1730','%H%i')), 'Test', 'Coffee Shop'),
            (65, 1, 1, 1, ADDTIME(CONVERT(ADDDATE(CURDATE(),INTERVAL -60 DAY), DATETIME), STR_TO_DATE('0930','%H%i')), ADDTIME(CONVERT(ADDDATE(CURDATE(),INTERVAL -60 DAY), DATETIME), STR_TO_DATE('1030','%H%i')), 'Test2', 'Test Plaza'),
            (66, 5, 5, 3, ADDTIME(CONVERT(ADDDATE(CURDATE(),INTERVAL -35 DAY), DATETIME), STR_TO_DATE('0845','%H%i')), ADDTIME(CONVERT(ADDDATE(CURDATE(),INTERVAL -35 DAY), DATETIME), STR_TO_DATE('0830','%H%i')), 'Test2', 'None'),
			(67, 2, 2, 2, ADDTIME(CONVERT(ADDDATE(CURDATE(),INTERVAL -35 DAY), DATETIME), STR_TO_DATE('1015','%H%i')), ADDTIME(CONVERT(ADDDATE(CURDATE(),INTERVAL -35 DAY), DATETIME), STR_TO_DATE('1215','%H%i')), 'Test2', 'None'),
			(68, 1, 1, 1, ADDTIME(CONVERT(ADDDATE(CURDATE(),INTERVAL -35 DAY), DATETIME), STR_TO_DATE('1430','%H%i')), ADDTIME(CONVERT(ADDDATE(CURDATE(),INTERVAL -35 DAY), DATETIME), STR_TO_DATE('1715','%H%i')), 'Test2', 'Room 5B'),
            (69, 5, 5, 1, ADDTIME(CONVERT(ADDDATE(CURDATE(),INTERVAL -10 DAY), DATETIME), STR_TO_DATE('0830','%H%i')), ADDTIME(CONVERT(ADDDATE(CURDATE(),INTERVAL -10 DAY), DATETIME), STR_TO_DATE('1030','%H%i')), 'Test2', 'Coffee Shop'),
			(70, 2, 2, 2, ADDTIME(CONVERT(ADDDATE(CURDATE(),INTERVAL -10 DAY), DATETIME), STR_TO_DATE('1200','%H%i')), ADDTIME(CONVERT(ADDDATE(CURDATE(),INTERVAL -10 DAY), DATETIME), STR_TO_DATE('1330','%H%i')), 'Test2', 'None'),
			(71, 1, 1, 1, ADDTIME(CONVERT(ADDDATE(CURDATE(),INTERVAL -10 DAY), DATETIME), STR_TO_DATE('1615','%H%i')), ADDTIME(CONVERT(ADDDATE(CURDATE(),INTERVAL -10 DAY), DATETIME), STR_TO_DATE('1630','%H%i')), 'Test2', 'Room 5B'),
            (72, 5, 5, 3, ADDTIME(CONVERT(ADDDATE(CURDATE(),INTERVAL -9 DAY), DATETIME), STR_TO_DATE('0900','%H%i')), ADDTIME(CONVERT(ADDDATE(CURDATE(),INTERVAL -9 DAY), DATETIME), STR_TO_DATE('1000','%H%i')), 'Test2', 'None'),
			(73, 6, 5, 2, ADDTIME(CONVERT(ADDDATE(CURDATE(),INTERVAL -8 DAY), DATETIME), STR_TO_DATE('1015','%H%i')), ADDTIME(CONVERT(ADDDATE(CURDATE(),INTERVAL -8 DAY), DATETIME), STR_TO_DATE('1115','%H%i')), 'Test2', 'None'),
			(74, 3, 3, 2, ADDTIME(CONVERT(ADDDATE(CURDATE(),INTERVAL -8 DAY), DATETIME), STR_TO_DATE('1515','%H%i')), ADDTIME(CONVERT(ADDDATE(CURDATE(),INTERVAL -8 DAY), DATETIME), STR_TO_DATE('1745','%H%i')), 'Test2', 'None'),
            (75, 5, 5, 3, ADDTIME(CONVERT(ADDDATE(CURDATE(),INTERVAL -7 DAY), DATETIME), STR_TO_DATE('0800','%H%i')), ADDTIME(CONVERT(ADDDATE(CURDATE(),INTERVAL -7 DAY), DATETIME), STR_TO_DATE('0900','%H%i')), 'Test2', 'None'),
			(76, 2, 2, 2, ADDTIME(CONVERT(ADDDATE(CURDATE(),INTERVAL -7 DAY), DATETIME), STR_TO_DATE('0930','%H%i')), ADDTIME(CONVERT(ADDDATE(CURDATE(),INTERVAL -7 DAY), DATETIME), STR_TO_DATE('1100','%H%i')), 'Test2', 'None'),
			(77, 1, 1, 2, ADDTIME(CONVERT(ADDDATE(CURDATE(),INTERVAL -7 DAY), DATETIME), STR_TO_DATE('1445','%H%i')), ADDTIME(CONVERT(ADDDATE(CURDATE(),INTERVAL -7 DAY), DATETIME), STR_TO_DATE('1515','%H%i')), 'Test2', 'None'),
            (78, 5, 5, 2, ADDTIME(CONVERT(ADDDATE(CURDATE(),INTERVAL -6 DAY), DATETIME), STR_TO_DATE('1230','%H%i')), ADDTIME(CONVERT(ADDDATE(CURDATE(),INTERVAL -6 DAY), DATETIME), STR_TO_DATE('1500','%H%i')), 'Test2', 'None'),
			(79, 2, 2, 3, ADDTIME(CONVERT(ADDDATE(CURDATE(),INTERVAL -6 DAY), DATETIME), STR_TO_DATE('1700','%H%i')), ADDTIME(CONVERT(ADDDATE(CURDATE(),INTERVAL -6 DAY), DATETIME), STR_TO_DATE('1715','%H%i')), 'Test2', 'None'),
			(80, 1, 1, 2, ADDTIME(CONVERT(ADDDATE(CURDATE(),INTERVAL -5 DAY), DATETIME), STR_TO_DATE('1445','%H%i')), ADDTIME(CONVERT(ADDDATE(CURDATE(),INTERVAL -5 DAY), DATETIME), STR_TO_DATE('1515','%H%i')), 'Test2', 'None'),
			(81, 5, 5, 1, ADDTIME(CONVERT(ADDDATE(CURDATE(),INTERVAL -4 DAY), DATETIME), STR_TO_DATE('0815','%H%i')), ADDTIME(CONVERT(ADDDATE(CURDATE(),INTERVAL -4 DAY), DATETIME), STR_TO_DATE('0845','%H%i')), 'Test2', 'Room 7F'),
            (82, 5, 5, 3, ADDTIME(CONVERT(ADDDATE(CURDATE(),INTERVAL -4 DAY), DATETIME), STR_TO_DATE('0900','%H%i')), ADDTIME(CONVERT(ADDDATE(CURDATE(),INTERVAL -4 DAY), DATETIME), STR_TO_DATE('1000','%H%i')), 'Test2', 'None'),
			(83, 6, 5, 2, ADDTIME(CONVERT(ADDDATE(CURDATE(),INTERVAL -4 DAY), DATETIME), STR_TO_DATE('1015','%H%i')), ADDTIME(CONVERT(ADDDATE(CURDATE(),INTERVAL -4 DAY), DATETIME), STR_TO_DATE('1115','%H%i')), 'Test2', 'None'),
			(84, 3, 3, 2, ADDTIME(CONVERT(ADDDATE(CURDATE(),INTERVAL -4 DAY), DATETIME), STR_TO_DATE('1515','%H%i')), ADDTIME(CONVERT(ADDDATE(CURDATE(),INTERVAL -4 DAY), DATETIME), STR_TO_DATE('1745','%H%i')), 'Test2', 'None'),
            (85, 5, 5, 3, ADDTIME(CONVERT(ADDDATE(CURDATE(),INTERVAL -3 DAY), DATETIME), STR_TO_DATE('0800','%H%i')), ADDTIME(CONVERT(ADDDATE(CURDATE(),INTERVAL -3 DAY), DATETIME), STR_TO_DATE('0900','%H%i')), 'Test2', 'None'),
			(86, 2, 2, 1, ADDTIME(CONVERT(ADDDATE(CURDATE(),INTERVAL -3 DAY), DATETIME), STR_TO_DATE('0930','%H%i')), ADDTIME(CONVERT(ADDDATE(CURDATE(),INTERVAL -3 DAY), DATETIME), STR_TO_DATE('1100','%H%i')), 'Test2', 'Coffee Shop'),
			(87, 1, 1, 2, ADDTIME(CONVERT(ADDDATE(CURDATE(),INTERVAL -2 DAY), DATETIME), STR_TO_DATE('1045','%H%i')), ADDTIME(CONVERT(ADDDATE(CURDATE(),INTERVAL -2 DAY), DATETIME), STR_TO_DATE('1145','%H%i')), 'Test2', 'None'),
            (88, 5, 5, 2, ADDTIME(CONVERT(ADDDATE(CURDATE(),INTERVAL -2 DAY), DATETIME), STR_TO_DATE('1230','%H%i')), ADDTIME(CONVERT(ADDDATE(CURDATE(),INTERVAL -2 DAY), DATETIME), STR_TO_DATE('1500','%H%i')), 'Test2', 'None'),
			(89, 2, 2, 3, ADDTIME(CONVERT(ADDDATE(CURDATE(),INTERVAL -2 DAY), DATETIME), STR_TO_DATE('1700','%H%i')), ADDTIME(CONVERT(ADDDATE(CURDATE(),INTERVAL -2 DAY), DATETIME), STR_TO_DATE('1715','%H%i')), 'Test2', 'None'),
			(90, 1, 1, 2, ADDTIME(CONVERT(ADDDATE(CURDATE(),INTERVAL -2 DAY), DATETIME), STR_TO_DATE('1445','%H%i')), ADDTIME(CONVERT(ADDDATE(CURDATE(),INTERVAL -2 DAY), DATETIME), STR_TO_DATE('1515','%H%i')), 'Test2', 'None'),
            (91, 2, 2, 3, ADDTIME(CONVERT(ADDDATE(CURDATE(),INTERVAL -1 DAY), DATETIME), STR_TO_DATE('1400','%H%i')), ADDTIME(CONVERT(ADDDATE(CURDATE(),INTERVAL -1 DAY), DATETIME), STR_TO_DATE('1430','%H%i')), 'Test2', 'None'),
			(92, 6, 5, 2, ADDTIME(CONVERT(ADDDATE(CURDATE(),INTERVAL -1 DAY), DATETIME), STR_TO_DATE('1445','%H%i')), ADDTIME(CONVERT(ADDDATE(CURDATE(),INTERVAL -1 DAY), DATETIME), STR_TO_DATE('1515','%H%i')), 'Test2', 'None'),
			(93, 1, 1, 1, ADDTIME(CONVERT(ADDDATE(CURDATE(),INTERVAL 59 DAY), DATETIME), STR_TO_DATE('0930','%H%i')), ADDTIME(CONVERT(ADDDATE(CURDATE(),INTERVAL 59 DAY), DATETIME), STR_TO_DATE('1030','%H%i')), 'Test2', 'Test Plaza'),
            (94, 5, 5, 3, ADDTIME(CONVERT(ADDDATE(CURDATE(),INTERVAL 35 DAY), DATETIME), STR_TO_DATE('0845','%H%i')), ADDTIME(CONVERT(ADDDATE(CURDATE(),INTERVAL 35 DAY), DATETIME), STR_TO_DATE('0830','%H%i')), 'Test2', 'None'),
			(95, 2, 2, 2, ADDTIME(CONVERT(ADDDATE(CURDATE(),INTERVAL 35 DAY), DATETIME), STR_TO_DATE('1015','%H%i')), ADDTIME(CONVERT(ADDDATE(CURDATE(),INTERVAL 35 DAY), DATETIME), STR_TO_DATE('1215','%H%i')), 'Test2', 'None'),
			(96, 1, 1, 1, ADDTIME(CONVERT(ADDDATE(CURDATE(),INTERVAL 35 DAY), DATETIME), STR_TO_DATE('1430','%H%i')), ADDTIME(CONVERT(ADDDATE(CURDATE(),INTERVAL 35 DAY), DATETIME), STR_TO_DATE('1715','%H%i')), 'Test2', 'Room 5B'),
            (97, 5, 5, 1, ADDTIME(CONVERT(ADDDATE(CURDATE(),INTERVAL 10 DAY), DATETIME), STR_TO_DATE('0830','%H%i')), ADDTIME(CONVERT(ADDDATE(CURDATE(),INTERVAL 10 DAY), DATETIME), STR_TO_DATE('1030','%H%i')), 'Test2', 'Coffee Shop'),
			(98, 2, 2, 2, ADDTIME(CONVERT(ADDDATE(CURDATE(),INTERVAL 10 DAY), DATETIME), STR_TO_DATE('1200','%H%i')), ADDTIME(CONVERT(ADDDATE(CURDATE(),INTERVAL 10 DAY), DATETIME), STR_TO_DATE('1330','%H%i')), 'Test2', 'None'),
			(99, 1, 1, 1, ADDTIME(CONVERT(ADDDATE(CURDATE(),INTERVAL 10 DAY), DATETIME), STR_TO_DATE('1615','%H%i')), ADDTIME(CONVERT(ADDDATE(CURDATE(),INTERVAL 10 DAY), DATETIME), STR_TO_DATE('1630','%H%i')), 'Test2', 'Room 5B'),
            (100, 5, 5, 3, ADDTIME(CONVERT(ADDDATE(CURDATE(),INTERVAL 9 DAY), DATETIME), STR_TO_DATE('0900','%H%i')), ADDTIME(CONVERT(ADDDATE(CURDATE(),INTERVAL 9 DAY), DATETIME), STR_TO_DATE('1000','%H%i')), 'Test2', 'None'),
			(101, 6, 5, 2, ADDTIME(CONVERT(ADDDATE(CURDATE(),INTERVAL 8 DAY), DATETIME), STR_TO_DATE('1015','%H%i')), ADDTIME(CONVERT(ADDDATE(CURDATE(),INTERVAL 8 DAY), DATETIME), STR_TO_DATE('1115','%H%i')), 'Test2', 'None'),
			(102, 3, 3, 2, ADDTIME(CONVERT(ADDDATE(CURDATE(),INTERVAL 8 DAY), DATETIME), STR_TO_DATE('1515','%H%i')), ADDTIME(CONVERT(ADDDATE(CURDATE(),INTERVAL 8 DAY), DATETIME), STR_TO_DATE('1745','%H%i')), 'Test2', 'None'),
            (103, 5, 5, 3, ADDTIME(CONVERT(ADDDATE(CURDATE(),INTERVAL 7 DAY), DATETIME), STR_TO_DATE('0800','%H%i')), ADDTIME(CONVERT(ADDDATE(CURDATE(),INTERVAL 7 DAY), DATETIME), STR_TO_DATE('0900','%H%i')), 'Test2', 'None'),
			(104, 2, 2, 2, ADDTIME(CONVERT(ADDDATE(CURDATE(),INTERVAL 7 DAY), DATETIME), STR_TO_DATE('0930','%H%i')), ADDTIME(CONVERT(ADDDATE(CURDATE(),INTERVAL 7 DAY), DATETIME), STR_TO_DATE('1100','%H%i')), 'Test2', 'None'),
			(105, 1, 1, 2, ADDTIME(CONVERT(ADDDATE(CURDATE(),INTERVAL 7 DAY), DATETIME), STR_TO_DATE('1445','%H%i')), ADDTIME(CONVERT(ADDDATE(CURDATE(),INTERVAL 7 DAY), DATETIME), STR_TO_DATE('1515','%H%i')), 'Test2', 'None'),
            (106, 5, 5, 2, ADDTIME(CONVERT(ADDDATE(CURDATE(),INTERVAL 6 DAY), DATETIME), STR_TO_DATE('1230','%H%i')), ADDTIME(CONVERT(ADDDATE(CURDATE(),INTERVAL 6 DAY), DATETIME), STR_TO_DATE('1500','%H%i')), 'Test2', 'None'),
			(107, 2, 2, 3, ADDTIME(CONVERT(ADDDATE(CURDATE(),INTERVAL 6 DAY), DATETIME), STR_TO_DATE('1700','%H%i')), ADDTIME(CONVERT(ADDDATE(CURDATE(),INTERVAL 6 DAY), DATETIME), STR_TO_DATE('1715','%H%i')), 'Test2', 'None'),
			(108, 1, 1, 2, ADDTIME(CONVERT(ADDDATE(CURDATE(),INTERVAL 5 DAY), DATETIME), STR_TO_DATE('1445','%H%i')), ADDTIME(CONVERT(ADDDATE(CURDATE(),INTERVAL 5 DAY), DATETIME), STR_TO_DATE('1515','%H%i')), 'Test2', 'None'),
			(109, 5, 5, 1, ADDTIME(CONVERT(ADDDATE(CURDATE(),INTERVAL 1 DAY), DATETIME), STR_TO_DATE('0815','%H%i')), ADDTIME(CONVERT(ADDDATE(CURDATE(),INTERVAL 1 DAY), DATETIME), STR_TO_DATE('0845','%H%i')), 'Test2', 'Room 7F'),
            (110, 5, 5, 3, ADDTIME(CONVERT(ADDDATE(CURDATE(),INTERVAL 1 DAY), DATETIME), STR_TO_DATE('0900','%H%i')), ADDTIME(CONVERT(ADDDATE(CURDATE(),INTERVAL 1 DAY), DATETIME), STR_TO_DATE('1000','%H%i')), 'Test2', 'None'),
			(111, 6, 5, 2, ADDTIME(CONVERT(ADDDATE(CURDATE(),INTERVAL 1 DAY), DATETIME), STR_TO_DATE('1015','%H%i')), ADDTIME(CONVERT(ADDDATE(CURDATE(),INTERVAL 1 DAY), DATETIME), STR_TO_DATE('1115','%H%i')), 'Test2', 'None'),
			(112, 3, 3, 2, ADDTIME(CONVERT(ADDDATE(CURDATE(),INTERVAL 1 DAY), DATETIME), STR_TO_DATE('1515','%H%i')), ADDTIME(CONVERT(ADDDATE(CURDATE(),INTERVAL 1 DAY), DATETIME), STR_TO_DATE('1745','%H%i')), 'Test2', 'None'),
            (113, 5, 5, 3, ADDTIME(CONVERT(ADDDATE(CURDATE(),INTERVAL 3 DAY), DATETIME), STR_TO_DATE('0800','%H%i')), ADDTIME(CONVERT(ADDDATE(CURDATE(),INTERVAL 3 DAY), DATETIME), STR_TO_DATE('0900','%H%i')), 'Test2', 'None'),
			(114, 2, 2, 1, ADDTIME(CONVERT(ADDDATE(CURDATE(),INTERVAL 3 DAY), DATETIME), STR_TO_DATE('0930','%H%i')), ADDTIME(CONVERT(ADDDATE(CURDATE(),INTERVAL 3 DAY), DATETIME), STR_TO_DATE('1100','%H%i')), 'Test2', 'Coffee Shop'),
			(115, 1, 1, 2, ADDTIME(CONVERT(ADDDATE(CURDATE(),INTERVAL 2 DAY), DATETIME), STR_TO_DATE('1045','%H%i')), ADDTIME(CONVERT(ADDDATE(CURDATE(),INTERVAL 2 DAY), DATETIME), STR_TO_DATE('1145','%H%i')), 'Test2', 'None'),
            (116, 5, 5, 2, ADDTIME(CONVERT(ADDDATE(CURDATE(),INTERVAL 2 DAY), DATETIME), STR_TO_DATE('1230','%H%i')), ADDTIME(CONVERT(ADDDATE(CURDATE(),INTERVAL 2 DAY), DATETIME), STR_TO_DATE('1500','%H%i')), 'Test2', 'None'),
			(117, 2, 2, 3, ADDTIME(CONVERT(ADDDATE(CURDATE(),INTERVAL 2 DAY), DATETIME), STR_TO_DATE('1700','%H%i')), ADDTIME(CONVERT(ADDDATE(CURDATE(),INTERVAL 2 DAY), DATETIME), STR_TO_DATE('1715','%H%i')), 'Test2', 'None'),
			(118, 1, 1, 2, ADDTIME(CONVERT(ADDDATE(CURDATE(),INTERVAL 2 DAY), DATETIME), STR_TO_DATE('1445','%H%i')), ADDTIME(CONVERT(ADDDATE(CURDATE(),INTERVAL 2 DAY), DATETIME), STR_TO_DATE('1515','%H%i')), 'Test2', 'None'),
            (119, 2, 2, 3, ADDTIME(CONVERT(ADDDATE(CURDATE(),INTERVAL 4 DAY), DATETIME), STR_TO_DATE('1400','%H%i')), ADDTIME(CONVERT(ADDDATE(CURDATE(),INTERVAL 4 DAY), DATETIME), STR_TO_DATE('1430','%H%i')), 'Test2', 'None'),
			(120, 6, 5, 2, ADDTIME(CONVERT(ADDDATE(CURDATE(),INTERVAL 4 DAY), DATETIME), STR_TO_DATE('1445','%H%i')), ADDTIME(CONVERT(ADDDATE(CURDATE(),INTERVAL 4 DAY), DATETIME), STR_TO_DATE('1515','%H%i')), 'Test2', 'None'),
   			(121, 6, 5, 2, ADDTIME(CONVERT(CURDATE(), DATETIME), STR_TO_DATE('0845','%H%i')), ADDTIME(CONVERT(CURDATE(), DATETIME), STR_TO_DATE('0915','%H%i')), 'Test2', 'None'),            
   			(122, 3, 3, 3, ADDTIME(CONVERT(CURDATE(), DATETIME), STR_TO_DATE('0930','%H%i')), ADDTIME(CONVERT(CURDATE(), DATETIME), STR_TO_DATE('1115','%H%i')), 'Test2', 'None'),            
			(123, 6, 5, 2, ADDTIME(CONVERT(CURDATE(), DATETIME), STR_TO_DATE('1230','%H%i')), ADDTIME(CONVERT(CURDATE(), DATETIME), STR_TO_DATE('1330','%H%i')), 'Test2', 'None'),            
            (124, 6, 5, 1, ADDTIME(CONVERT(CURDATE(), DATETIME), STR_TO_DATE('1530','%H%i')), ADDTIME(CONVERT(CURDATE(), DATETIME), STR_TO_DATE('1730','%H%i')), 'Test2', 'Coffee Shop');            
            